name	sequence	position	rvariant	motif	pvariant
r0	TTACACGTGCAAAAT	0	N		
r1	ATACACGTGCAAAAT	15	A	m1	TN
r2	CTACACGTGCAAAAT	15	C	m1	NN
r3	GTACACGTGCAAAAT	15	G	m1	TD
r4	TAACACGTGCAAAAT	14	A	m2	TN
r5	TCACACGTGCAAAAT	14	C	m2	NN
r6	TGACACGTGCAAAAT	14	G	m2	TD
r7	TTCCACGTGCAAAAT	13	C	m3	NN
r8	TTGCACGTGCAAAAT	13	G	m3	TD
r9	TTTCACGTGCAAAAT	13	T	m3	ND
r10	TTAAACGTGCAAAAT	12	A	m4	TN
r11	TTAGACGTGCAAAAT	12	G	m4	TD
r12	TTATACGTGCAAAAT	12	T	m4	ND
r13	TTACCCGTGCAAAAT	11	C	m5	NN
r14	TTACGCGTGCAAAAT	11	G	m5	TD
r15	TTACTCGTGCAAAAT	11	T	m5	ND
r16	TTACAAGTGCAAAAT	10	A	m6	TN
r17	TTACAGGTGCAAAAT	10	G	m6	TD
r18	TTACATGTGCAAAAT	10	T	m6	ND
r19	TTACACATGCAAAAT	9	A	m7	TN
r20	TTACACCTGCAAAAT	9	C	m7	NN
r21	TTACACTTGCAAAAT	9	T	m7	ND
r22	TTACACGAGCAAAAT	8	A	m8	TN
r23	TTACACGCGCAAAAT	8	C	m8	NN
r24	TTACACGGGCAAAAT	8	G	m8	TD
r25	TTACACGTACAAAAT	7	A	m9	TN
r26	TTACACGTCCAAAAT	7	C	m9	NN
r27	TTACACGTTCAAAAT	7	T	m9	ND
r28	TTACACGTGAAAAAT	6	A	P2	TN
r29	TTACACGTGGAAAAT	6	G	P2	TD
r30	TTACACGTGTAAAAT	6	T	P2	ND
r31	TTACACGTGCCAAAT	5	C	L2	NN
r32	TTACACGTGCGAAAT	5	G	L2	TD
r33	TTACACGTGCTAAAT	5	T	L2	ND
r34	TTACACGTGCACAAT	4	C	S2	NN
r35	TTACACGTGCAGAAT	4	G	S2	TD
r36	TTACACGTGCATAAT	4	T	S2	ND
r37	TTACACGTGCAACAT	3	C	E1	NN
r38	TTACACGTGCAAGAT	3	G	E1	TD
r39	TTACACGTGCAATAT	3	T	E1	ND
r40	TTACACGTGCAAACT	2	C	E2	NN
r41	TTACACGTGCAAAGT	2	G	E2	TD
r42	TTACACGTGCAAATT	2	T	E2	ND
r43	TTACACGTGCAAAAA	1	A	DYW	TN
r44	TTACACGTGCAAAAC	1	C	DYW	NN
r45	TTACACGTGCAAAAG	1	G	DYW	TD
